structure_id,structure_type,structure_id_3,ap,agg_prob,structure_length
EFAHHYNQIL,fiber,,,,10
VSVQPMECH,fiber,,,,9
LYRPAPLEL,fiber,,,,9
LQICQWAA,fiber,,,,8
DAPFIMAY,fiber,,,,8
LCPDSILVN,fiber,,,,9
GPCIDQCSF,fiber,,,,9
HALNGGTW,fiber,,,,8
VYHEIDGFK,fiber,,,,9
AWIRYDE,fiber,,,,7
PEPFLNKTVM,fiber,,,,10
EVLLAHAW,fiber,,,,8
QVLGQWSLP,fiber,,,,9
KTKEWHHE,fiber,,,,8
KVLGDNPW,fiber,,,,8
ERIRED,sphere,,,,6
VCDVI,sphere,,,,5
CEESFR,sphere,,,,6
VEMASH,sphere,,,,6
LFRQEE,sphere,,,,6
REMNSFE,sphere,,,,7
VEFAV,sphere,,,,5
MIVDCVL,sphere,,,,7
PLVEILG,sphere,,,,7
ERWDK,sphere,,,,5
QWHECK,sphere,,,,6
IRDYKE,sphere,,,,6
FAETV,sphere,,,,5
VMAIVIE,sphere,,,,7
RKEPIE,sphere,,,,6
PNVVYQVWYT,fiber, Pro-Asn-Val-Val-Tyr-Gln-Val-Trp-Tyr-Thr,0.4947242140769958,0.9998749494552612,10
IFCLIRSYLM,fiber, Ile-Phe-Cys-Leu-Ile-Arg-Ser-Tyr-Leu-Met,0.5108394622802734,0.9999258518218994,10
RLSHNAMLY,fiber, Arg-Leu-Ser-His-Asn-Ala-Met-Leu-Tyr,0.4414128959178924,0.9889169931411744,9
WEFTGVNFT,fiber, Trp-Glu-Phe-Thr-Gly-Val-Asn-Phe-Thr,0.4549213945865631,0.9923827052116394,9
LEYGFYCV,fiber, Leu-Glu-Tyr-Gly-Phe-Tyr-Cys-Val,0.5128354430198669,0.9997602105140686,8
FVHIVNDQVV,fiber, Phe-Val-His-Ile-Val-Asn-Asp-Gln-Val-Val,0.4372946619987488,0.987502098083496,10
PPFAQPMW,fiber, Pro-Pro-Phe-Ala-Gln-Pro-Met-Trp,0.5111177563667297,0.9995597004890442,8
LFLIACTPY,fiber, Leu-Phe-Leu-Ile-Ala-Cys-Thr-Pro-Tyr,0.5412121415138245,0.9999366998672484,9
WRWSDGCIL,fiber, Trp-Arg-Trp-Ser-Asp-Gly-Cys-Ile-Leu,0.4864029288291931,0.9993813037872314,9
VFESFTPY,fiber, Val-Phe-Glu-Ser-Phe-Thr-Pro-Tyr,0.5630006790161133,0.999969482421875,8
TLAGIRWVTE,fiber, Thr-Leu-Ala-Gly-Ile-Arg-Trp-Val-Thr-Glu,0.4319756329059601,0.9197714328765868,10
PFVCLIVF,fiber, Pro-Phe-Val-Cys-Leu-Ile-Val-Phe,0.6323139667510986,0.9999974966049194,8
FIRSESFL,fiber, Phe-Ile-Arg-Ser-Glu-Ser-Phe-Leu,0.5112736821174622,0.9986900687217712,8
PVFVIVVFP,fiber, Pro-Val-Phe-Val-Ile-Val-Val-Phe-Pro,0.6360266804695129,0.9999984502792358,9
FPVSYAIY,fiber, Phe-Pro-Val-Ser-Tyr-Ala-Ile-Tyr,0.5710854530334473,0.999996781349182,8
VIFDF,sphere, Val-Ile-Phe-Asp-Phe,0.5790786147117615,0.9999420642852784,5
WWVWE,sphere, Trp-Trp-Val-Trp-Glu,0.5142554044723511,0.9998195767402648,5
WFFWFW,sphere, Trp-Phe-Phe-Trp-Phe-Trp,0.5752806067466736,0.9999994039535522,6
CFMVAVF,sphere, Cys-Phe-Met-Val-Ala-Val-Phe,0.6024168133735657,0.999970555305481,7
WAVFGVD,sphere, Trp-Ala-Val-Phe-Gly-Val-Asp,0.5147205591201782,0.999237895011902,7
FYFIL,sphere, Phe-Tyr-Phe-Ile-Leu,0.6437869071960449,0.9999994039535522,5
WAIEF,sphere, Trp-Ala-Ile-Glu-Phe,0.5571081638336182,0.999842405319214,5
LFLCLYV,sphere, Leu-Phe-Leu-Cys-Leu-Tyr-Val,0.6345169544219971,0.9999992847442628,7
CHGLICA,sphere, Cys-His-Gly-Leu-Ile-Cys-Ala,0.4449242353439331,0.9764718413352966,7
LFVILP,sphere, Leu-Phe-Val-Ile-Leu-Pro,0.643863320350647,0.9999793767929076,6
FACWV,sphere, Phe-Ala-Cys-Trp-Val,0.6639128923416138,0.9999985694885254,5
CMLWM,sphere, Cys-Met-Leu-Trp-Met,0.6043301820755005,0.999941349029541,5
VLWYIWI,sphere, Val-Leu-Trp-Tyr-Ile-Trp-Ile,0.6028867363929749,0.9999988079071044,7
WMAHA,sphere, Trp-Met-Ala-His-Ala,0.5000758767127991,0.9992844462394714,5
LVIEFF,sphere, Leu-Val-Ile-Glu-Phe-Phe,0.5863708853721619,0.9999423027038574,6
MEIDC,random,,,,5
NGCAN,random,,,,5
NTLSRR,random,,,,6
WNYDFW,random,,,,6
HKHVEQV,random,,,,7
KCYRHNI,random,,,,7
RDQTEVIE,random,,,,8
CGLEVNCL,random,,,,8
EQSRIQISP,random,,,,9
VRPKRPAHK,random,,,,9
ANIMWTIDDA,random,,,,10
FLHKHKINCA,random,,,,10
RMIHWMME,random,,,,8
CNGCANN,random,,,,7
TLSRR,random,,,,5
CIKYEHT,unsupervised,,,,7
CYVIMIVLRK,unsupervised,,,,10
EWKNE,unsupervised,,,,5
FCIICHDPD,unsupervised,,,,9
GLPCCNRS,unsupervised,,,,8
ILFWYP,unsupervised,,,,6
MADRKTWY,unsupervised,,,,8
MKFYF,unsupervised,,,,5
PQVPCMGDL,unsupervised,,,,9
WVWLCQG,unsupervised,,,,7
YPDYSM,unsupervised,,,,6
YYCDVERMIC,unsupervised,,,,10